competitor	product_category	official_url	claimed_capabilities	closest_to_trialcompiler	gaps_vs_trialcompiler	evidence_source_ids	notes
TransCelerate Clinical Content and Reuse	industry_template_reuse	https://www.transceleratebiopharmainc.com/initiatives/clinical-content-reuse/	model content; template reuse; common protocol assets	Structured content reuse and harmonized document models	Not positioned as an interactive compile-test-change-impact agent	ADOC-006;ADOC-007;BUS-001;ASSOC-025;ASSOC-026;STAND-016;STAND-017	Best standards/template baseline for explaining content reuse and DDF direction; TrialCompiler adds active compile-test-change workflows.
TransCelerate Common SAP Template	industry_template	https://www.transceleratebiopharmainc.com/initiatives/common-statistical-analysis-plan-sap-template/	SAP template and common content	SAP structure and analysis-plan standardization	Does not manage project facts across protocol, registry and ICF by itself	ADOC-005	SAP is a downstream document where endpoint changes often propagate.
Certara CoAuthor	medical_writing_ai	https://www.certara.com/software/coauthor/	medical writing automation and content generation	AI-assisted document authoring	Less emphasis in public pages on explicit fact graph and deterministic unit tests	BUS-019	Use official claims only; avoid overclaiming.
Yseop Copilot for Medical Writers	medical_writing_ai	https://yseop.com/clinical-study-report-automation/	CSR automation and medical writing support	AI writing and report automation	Focuses on generated writing rather than project-wide protocol fact compilation	BUS-020	Useful comparator for writing automation.
TrialAssure	clinical_trial_disclosure	https://www.trialassure.com/	clinical trial disclosure and transparency tools	Registry/disclosure consistency	Not primarily a protocol drafting dependency compiler	BUS-017	Relevant for registry consistency and disclosure.
Veeva Vault Clinical Operations Suite	clinical_platform	https://www.veeva.com/products/development-cloud/clinical-operations/	document and clinical operations platform	Enterprise document/workflow environment	Platform layer, not necessarily fact-level compile/test logic	BUS-004	Can be framed as system-of-record companion rather than direct substitute.
Medidata Clinical Cloud	clinical_platform	https://www.medidata.com/en/clinical-cloud/	clinical trial platform and data workflows	Enterprise trial operations ecosystem	Not specifically focused on protocol document fact graph in public positioning	BUS-006	Use as ecosystem context.
Oracle Clinical One	clinical_platform	https://www.oracle.com/life-sciences/clinical-one/	clinical trial management and data collection platform	Operational trial platform	Not a document compiler for protocols in public product story	BUS-005	Comparator for platform integration.
MasterControl Clinical Excellence	quality_platform	https://www.mastercontrol.com/clinical-excellence/	quality and clinical process management	Quality governance and controlled documents	Public material focuses on QMS/process rather than AI fact extraction and unit tests	BUS-022	Good for explaining quality gate alignment.
Montrium Clinical Research Platform	regulated_content_platform	https://montrium.com/clinical-research-platform/	regulated clinical content and eTMF support	Regulated document management and traceability	Not specifically centered on cross-document protocol fact testing	BUS-021	Useful for governance comparison.
RAGs to riches clinical trial document system	research_prototype	https://arxiv.org/abs/2402.16406	RAG-based clinical trial document writing	Research baseline for LLM document drafting	TrialCompiler emphasizes confirmed facts, dependency graph, unit tests and change propagation rather than only retrieving/generating	AI-001	Useful academic baseline.
Clinical Trials Protocol Authoring using LLMs	research_prototype	https://arxiv.org/abs/2404.05044	LLM-assisted protocol authoring	Direct academic protocol authoring comparison	Need to compare against our compile-test-trace workflow, not just generation quality	AI-002	Good technical baseline for proposal.
JMIR RCT consistency assessment with LLMs	research_method	https://www.jmir.org/2025/1/e72412	LLM-based consistency assessment	Supports semantic checker design	Not a clinical protocol compiler product; narrower consistency-assessment task	AI-006	Useful for evaluation method and LLM judge framing.
Narrativa protocol automation with AI agents	medical_writing_ai	https://www.narrativa.com/protocol-clinical-trials-automation-with-ai-agents/	AI agents for protocol automation	Agentic protocol automation narrative	Public description does not clearly expose a fact-sheet and dependency-graph compiler	AI-008	Closest naming overlap with agent story; compare carefully.
AlphaLifeSci AI-driven protocol authoring	medical_writing_ai	https://alphalifesci.com/blog/blueprint-for-breakthrough-ai-driven-protocol-authoring-accelerates-phase-iii-clinical-trials	AI-driven protocol authoring and acceleration	AI protocol writing narrative	Industry article; use as market evidence rather than technical proof	AI-007	Useful for contest story and differentiating from writing-only tools.
HumanTrue	protocol_intelligence_platform	https://www.humantrue.com/	protocol structure; protocol integrity; dependency and source traceability	Direct closest competitor for computable protocol and revision impact positioning	TrialCompiler should differentiate through confirmed fact state, China pharma adaptation, Feishu task closure, enterprise rule governance and open integration; do not claim dependency analysis is unique	COMP-DOC-001	Added from teammate competitor analysis; verify exact public claims before external submission.
Cori Clinical	clinical_document_ai_platform	https://www.coriclinical.com/	Word-centered document drafting, review assistance, source support and revision collaboration	Direct competitor for clinical document writing workflow and low-migration adoption	TrialCompiler should not replace Word; should use Feishu for task orchestration and controlled systems for official review while owning fact graph and tests	COMP-DOC-001	Added from teammate competitor analysis; Word workflow is important product lesson.
Clinials	protocol_authoring_ai	https://www.clinials.com/	protocol extraction, structured summaries, content generation and source traceability	Competitor for protocol first-draft and structured authoring	TrialCompiler must prove why confirmed facts, change impact and audit responsibility matter beyond drafting speed	COMP-DOC-001	Added from teammate competitor analysis; avoid assuming missing undisclosed capabilities.
IQVIA Protocol Design Optimization	upstream_protocol_design_optimization	https://www.iqvia.com/solutions/research-and-development/consulting/protocol-design-optimization	simulation, data and expert-service driven protocol feasibility, complexity and patient-burden optimization	Upstream design optimization rather than document compiler	TrialCompiler should receive confirmed upstream design conclusions rather than compete with large data assets and consulting services	COMP-DOC-001;COMP-011	Use as upstream protocol design optimization comparator, not a direct document compiler.
Medidata Protocol Optimization	upstream_protocol_design_optimization	https://www.medidata.com/en/study-experience/protocol-optimization/	protocol optimization, predictive modeling and scenario analysis for enrollment, burden and cost	Upstream design optimization and enterprise clinical platform adjacency	TrialCompiler should compile and govern confirmed design facts downstream into documents and execution systems	COMP-DOC-001;BUS-006;COMP-012;COMP-013	Use as upstream protocol optimization and platform-adjacent comparator; distinguish from downstream document compilation.
Taimei Technology Wiz-iCTA	china_clinical_operations_platform	https://www.taimei.com/	clinical operation document classification, QC, naming, metadata filling and local delivery ecosystem	Local China clinical operations and document workflow competitor/partner	TrialCompiler needs concrete China template, NMPA, SOP, private deployment, project isolation and Feishu collaboration adaptation; Chinese UI alone is not sufficient	COMP-DOC-001	Added from teammate competitor analysis; Chinese product positioning requires careful verification.
